<Root>
  <ProjectData name="Ui sounds" type="2">
    <GroupData name="Alarms" type="7">
      <FileData name="Dawn_chorus.ogg">
        <description/>
      </FileData>
      <FileData name="Day_by_day.ogg">
        <description/>
      </FileData>
      <FileData name="Morning_flower.ogg">
        <description/>
      </FileData>
      <FileData name="Sea_breeze.ogg">
        <description/>
      </FileData>
      <FileData name="Serene_morning.ogg">
        <description/>
      </FileData>
      <FileData name="Springtime_memories.ogg">
        <description/>
      </FileData>
      <FileData name="Ticktac.ogg">
        <description/>
      </FileData>
      <FileData name="Walk_in_the_forest.ogg">
        <description/>
      </FileData>
    </GroupData>
    <GroupData name="notifications" type="8">
      <FileData name="Beep_once.ogg">
        <description/>
      </FileData>
      <FileData name="Good_Time.ogg">
        <description/>
      </FileData>
      <FileData name="Harp_glissando.ogg">
        <description/>
      </FileData>
      <FileData name="S_Bubbles.ogg">
        <description/>
      </FileData>
      <FileData name="S_Charming_bell.ogg">
        <description/>
      </FileData>
      <FileData name="S_Chirps.ogg">
        <description/>
      </FileData>
      <FileData name="S_Dew_drops.ogg">
        <description/>
      </FileData>
      <FileData name="S_Flowers.ogg">
        <description/>
      </FileData>
      <FileData name="S_Good_News.ogg">
        <description/>
      </FileData>
      <FileData name="S_Harmonics.ogg">
        <description/>
      </FileData>
      <FileData name="S_Knock.ogg">
        <description/>
      </FileData>
      <FileData name="S_On_time.ogg">
        <description/>
      </FileData>
      <FileData name="S_Opener.ogg">
        <description/>
      </FileData>
      <FileData name="S_Postman.ogg">
        <description/>
      </FileData>
      <FileData name="S_Pure_Bell.ogg">
        <description/>
      </FileData>
      <FileData name="S_Temple_bell.ogg">
        <description/>
      </FileData>
      <FileData name="S_Tickety_tock.ogg">
        <description/>
      </FileData>
      <FileData name="S_Whistle.ogg">
        <description/>
      </FileData>
      <FileData name="Sweet_favour.ogg">
        <description/>
      </FileData>
      <FileData name="Whisper.ogg">
        <description/>
      </FileData>
    </GroupData>
    <GroupData name="Ringtones" type="9">
      <FileData name="A_rustling_in_the_trees.ogg">
        <description/>
      </FileData>
      <FileData name="At_First_Sight.ogg">
        <description/>
      </FileData>
      <FileData name="Basic_bell.ogg">
        <description/>
      </FileData>
      <FileData name="Basic_tone.ogg">
        <description/>
      </FileData>
      <FileData name="Beep_Beep.ogg">
        <description/>
      </FileData>
      <FileData name="Beep_once.ogg">
        <description/>
      </FileData>
      <FileData name="Chime.ogg">
        <description/>
      </FileData>
      <FileData name="Crossing_a_River.ogg">
        <description/>
      </FileData>
      <FileData name="Drifting_downstream.ogg">
        <description/>
      </FileData>
      <FileData name="Ecliptic.ogg">
        <description/>
      </FileData>
      <FileData name="Fallen_Leaves.ogg">
        <description/>
      </FileData>
      <FileData name="Flying_in_the_sky.ogg">
        <description/>
      </FileData>
      <FileData name="Funky_Flute.ogg">
        <description/>
      </FileData>
      <FileData name="Glissando_tone.ogg">
        <description/>
      </FileData>
      <FileData name="Imagination.ogg">
        <description/>
      </FileData>
      <FileData name="Journey.ogg">
        <description/>
      </FileData>
      <FileData name="Leisure_time.ogg">
        <description/>
      </FileData>
      <FileData name="Meadow_Sunrise.ogg">
        <description/>
      </FileData>
      <FileData name="My_Last_Bow.ogg">
        <description/>
      </FileData>
      <FileData name="Mystic_Tone.ogg">
        <description/>
      </FileData>
      <FileData name="Ocean_Voyage.ogg">
        <description/>
      </FileData>
      <FileData name="One_Step_Forward.ogg">
        <description/>
      </FileData>
      <FileData name="Over_the_horizon.ogg">
        <description/>
      </FileData>
      <FileData name="Peaceful_Strum.ogg">
        <description/>
      </FileData>
      <FileData name="Pure_Tone.ogg">
        <description/>
      </FileData>
      <FileData name="Quantum_bell.ogg">
        <description/>
      </FileData>
      <FileData name="Rolling_tone.ogg">
        <description/>
      </FileData>
      <FileData name="Scampering_tone.ogg">
        <description/>
      </FileData>
      <FileData name="Smooth_Evening.ogg">
        <description/>
      </FileData>
      <FileData name="Soft_Breeze_Waltz.ogg">
        <description/>
      </FileData>
      <FileData name="Writing_adventure.ogg">
        <description/>
      </FileData>
    </GroupData>
    <GroupData name="ui" type="10">
      <FileData name="Alert_on_call.ogg">
        <description/>
      </FileData>
      <FileData name="Angels_Feather.ogg">
        <description/>
      </FileData>
      <FileData name="Auto_focus.ogg">
        <description/>
      </FileData>
      <FileData name="Auto_focus_error.ogg">
        <description/>
      </FileData>
      <FileData name="Beginning_of_Life.ogg">
        <description/>
      </FileData>
      <FileData name="Call_Connect.ogg">
        <description/>
      </FileData>
      <FileData name="Cam_Start.ogg">
        <description/>
      </FileData>
      <FileData name="Cam_Stop.ogg">
        <description/>
      </FileData>
      <FileData name="Camera_Timer.ogg">
        <description/>
      </FileData>
      <FileData name="Camera_Timer_2sec.ogg">
        <description/>
      </FileData>
      <FileData name="Camera_click_short.ogg">
        <description/>
      </FileData>
      <FileData name="Camera_empty.ogg">
        <description/>
      </FileData>
      <FileData name="Charger_Connection.ogg">
        <description/>
      </FileData>
      <FileData name="Dialer_new.ogg">
        <description/>
      </FileData>
      <FileData name="Dock.ogg">
        <description/>
      </FileData>
      <FileData name="Effect_Tick.ogg">
        <description/>
      </FileData>
      <FileData name="Gentle_Glide.ogg">
        <description/>
      </FileData>
      <FileData name="Highlight.ogg">
        <description/>
      </FileData>
      <FileData name="HoverPointer.ogg">
        <description/>
      </FileData>
      <FileData name="KeypressDelete.ogg">
        <description/>
      </FileData>
      <FileData name="KeypressInvalid.ogg">
        <description/>
      </FileData>
      <FileData name="KeypressReturn.ogg">
        <description/>
      </FileData>
      <FileData name="KeypressSpacebar.ogg">
        <description/>
      </FileData>
      <FileData name="KeypressStandard.ogg">
        <description/>
      </FileData>
      <FileData name="Lock.ogg">
        <description/>
      </FileData>
      <FileData name="Lock_none_effect.ogg">
        <description/>
      </FileData>
      <FileData name="LowBattery.ogg">
        <description/>
      </FileData>
      <FileData name="MMS.ogg">
        <description/>
      </FileData>
      <FileData name="Media_preview_Over_the_horizon.ogg">
        <description/>
      </FileData>
      <FileData name="My_Favourite_Memory.ogg">
        <description/>
      </FileData>
      <FileData name="Particle_Lock.ogg">
        <description/>
      </FileData>
      <FileData name="Particle_unlock_silence.ogg">
        <description/>
      </FileData>
      <FileData name="Pen_att_noti1.ogg">
        <description/>
      </FileData>
      <FileData name="Pen_att_noti2.ogg">
        <description/>
      </FileData>
      <FileData name="Pen_att_noti3.ogg">
        <description/>
      </FileData>
      <FileData name="Pen_det_alert.ogg">
        <description/>
      </FileData>
      <FileData name="Pen_det_noti1.ogg">
        <description/>
      </FileData>
      <FileData name="Pen_det_noti2.ogg">
        <description/>
      </FileData>
      <FileData name="Pen_det_noti3.ogg">
        <description/>
      </FileData>
      <FileData name="PowerOn.ogg">
        <description/>
      </FileData>
      <FileData name="S_Beam_end.ogg">
        <description/>
      </FileData>
      <FileData name="S_Beam_error.ogg">
        <description/>
      </FileData>
      <FileData name="S_Beam_start.ogg">
        <description/>
      </FileData>
      <FileData name="S_HW_Touch.ogg">
        <description/>
      </FileData>
      <FileData name="S_SIP_Backspace.ogg">
        <description/>
      </FileData>
      <FileData name="Shining_Star.ogg">
        <description/>
      </FileData>
      <FileData name="Shutter.ogg">
        <description/>
      </FileData>
      <FileData name="Shutter_multiple.ogg">
        <description/>
      </FileData>
      <FileData name="Silk_Shores.ogg">
        <description/>
      </FileData>
      <FileData name="TW_Battery_caution.ogg">
        <description/>
      </FileData>
      <FileData name="TW_Battery_swelling_warning.ogg">
        <description/>
      </FileData>
      <FileData name="TW_Call_Disconnect.ogg">
        <description/>
      </FileData>
      <FileData name="TW_SIP.ogg">
        <description/>
      </FileData>
      <FileData name="TW_Silent_mode_off.ogg">
        <description/>
      </FileData>
      <FileData name="TW_Touch.ogg">
        <description/>
      </FileData>
      <FileData name="TW_Volume_control.ogg">
        <description/>
      </FileData>
      <FileData name="Undock.ogg">
        <description/>
      </FileData>
      <FileData name="Unlock.ogg">
        <description/>
      </FileData>
      <FileData name="Unlock_none_effect.ogg">
        <description/>
      </FileData>
      <FileData name="VideoRecord.ogg">
        <description/>
      </FileData>
      <FileData name="WirelessChargingStarted.ogg">
        <description/>
      </FileData>
      <FileData name="airbutton_close.ogg">
        <description/>
      </FileData>
      <FileData name="airbutton_open.ogg">
        <description/>
      </FileData>
      <FileData name="camera_click.ogg">
        <description/>
      </FileData>
      <FileData name="camera_focus.ogg">
        <description/>
      </FileData>
      <FileData name="lens_flare_lock.ogg">
        <description/>
      </FileData>
      <FileData name="lens_flare_unlock_silence.ogg">
        <description/>
      </FileData>
      <FileData name="simple_ripple_down.ogg">
        <description/>
      </FileData>
      <FileData name="simple_ripple_up.ogg">
        <description/>
      </FileData>
    </GroupData>
    <GroupData name="Ringtones additional" type="9">
      <FileData name="iphone_6_original.mp3">
        <description/>
      </FileData>
      <FileData name="iphone_6_plus.mp3">
        <description/>
      </FileData>
      <FileData name="perfect_strangers.mp3">
        <description/>
      </FileData>
      <FileData name="to_ja_twoj_telefon.mp3">
        <description/>
      </FileData>
    </GroupData>
  </ProjectData>
</Root>
